item,slift,complementizer,main.subject,embedded.subject,main.object1,main.object2,main.prep,embedded.tense,main.passive
0,FALSE,NONE,REFERENTIAL,NOM,NONE,NONE,FALSE,TENSED,FALSE
1,FALSE,WHQ,NONE,NOM,NONE,NONE,FALSE,TENSED,FALSE
2,FALSE,NONE,REFERENTIAL,NOM,NONE,NONE,FALSE,TENSED,FALSE
3,FALSE,NONE,REFERENTIAL,NOCASE,NONE,NONE,FALSE,TENSED,FALSE
4,FALSE,NONE,REFERENTIAL,NOM,NONE,NONE,FALSE,TENSED,FALSE
5,FALSE,NONE,REFERENTIAL,NOM,NONE,NONE,FALSE,TENSED,FALSE
6,FALSE,FINITE,REFERENTIAL,NOCASE,NONE,NONE,FALSE,TENSED,FALSE
7,FALSE,NONE,REFERENTIAL,NOM,NONE,NONE,FALSE,TENSED,FALSE
8,FALSE,NONE,REFERENTIAL,NOM,NONE,NONE,FALSE,TENSED,FALSE
9,FALSE,NONE,REFERENTIAL,NOM,NONE,NONE,FALSE,TENSED,FALSE
10,FALSE,NONE,REFERENTIAL,NOCASE,NONE,NONE,FALSE,TENSED,FALSE
11,FALSE,NONE,REFERENTIAL,NOCASE,NONE,NONE,FALSE,TENSED,FALSE
12,FALSE,NONE,REFERENTIAL,NONE,NONE,NONE,FALSE,NONE,FALSE
13,FALSE,NONE,REFERENTIAL,NOM,NONE,NONE,FALSE,TENSED,FALSE
14,FALSE,WHQ,REFERENTIAL,NOCASE,NONE,NONE,FALSE,TENSED,FALSE
15,FALSE,NONE,REFERENTIAL,NOCASE,NONE,NONE,FALSE,TENSED,FALSE
16,FALSE,NONE,REFERENTIAL,NOM,NONE,NONE,FALSE,TENSED,FALSE
17,FALSE,NONE,REFERENTIAL,NOM,NONE,NONE,FALSE,TENSED,FALSE
18,FALSE,WHQ,REFERENTIAL,NOCASE,NONE,NONE,FALSE,TENSED,FALSE
19,FALSE,NONE,REFERENTIAL,NOCASE,NONE,NONE,FALSE,TENSED,FALSE
20,FALSE,NONE,REFERENTIAL,NOM,NONE,NONE,FALSE,TENSED,FALSE
21,FALSE,WHQ,NONE,NOM,NONE,NONE,FALSE,TENSED,FALSE
22,FALSE,NONE,REFERENTIAL,NOM,NONE,NONE,FALSE,TENSED,FALSE
23,FALSE,NONE,REFERENTIAL,NOCASE,NONE,NONE,FALSE,TENSED,FALSE
24,FALSE,NONE,REFERENTIAL,NOM,NONE,NONE,FALSE,TENSED,FALSE
25,FALSE,NONE,REFERENTIAL,NOM,NONE,NONE,FALSE,TENSED,FALSE
26,FALSE,FINITE,REFERENTIAL,NOCASE,NONE,NONE,FALSE,TENSED,FALSE
27,FALSE,NONE,REFERENTIAL,NOM,NONE,NONE,FALSE,TENSED,FALSE
28,FALSE,NONE,REFERENTIAL,NOM,NONE,NONE,FALSE,TENSED,FALSE
29,FALSE,NONE,REFERENTIAL,NOM,NONE,NONE,FALSE,TENSED,FALSE
30,FALSE,NONE,REFERENTIAL,NOCASE,NONE,NONE,FALSE,TENSED,FALSE
31,FALSE,NONE,REFERENTIAL,NOCASE,NONE,NONE,FALSE,TENSED,FALSE
32,FALSE,NONE,REFERENTIAL,NONE,NONE,NONE,FALSE,NONE,FALSE
33,FALSE,NONE,REFERENTIAL,NOM,NONE,NONE,FALSE,TENSED,FALSE
34,FALSE,WHQ,REFERENTIAL,NOCASE,NONE,NONE,FALSE,TENSED,FALSE
35,FALSE,NONE,REFERENTIAL,NOCASE,NONE,NONE,FALSE,TENSED,FALSE
36,FALSE,NONE,REFERENTIAL,NOM,NONE,NONE,FALSE,TENSED,FALSE
37,FALSE,NONE,REFERENTIAL,NOM,NONE,NONE,FALSE,TENSED,FALSE
38,FALSE,WHQ,REFERENTIAL,NOCASE,NONE,NONE,FALSE,TENSED,FALSE
39,FALSE,NONE,REFERENTIAL,NOCASE,NONE,NONE,FALSE,TENSED,FALSE
40,FALSE,NONE,REFERENTIAL,NOM,NONE,NONE,FALSE,TENSED,FALSE
41,FALSE,NONE,REFERENTIAL,NONE,NONE,NONE,FALSE,NONE,FALSE
42,FALSE,NONE,REFERENTIAL,NOM,NONE,NONE,FALSE,TENSED,FALSE
43,FALSE,NONE,REFERENTIAL,NOM,NONE,NONE,FALSE,TENSED,FALSE
44,FALSE,NONE,REFERENTIAL,NONE,NONE,NONE,FALSE,NONE,FALSE
45,FALSE,NONE,REFERENTIAL,NOCASE,NONE,NONE,FALSE,TENSED,FALSE
46,TRUE,NONE,REFERENTIAL,NOM,NONE,NONE,FALSE,TENSED,FALSE
47,TRUE,NONE,REFERENTIAL,NOCASE,NONE,NONE,FALSE,TENSED,FALSE
48,FALSE,NONE,REFERENTIAL,NOCASE,NONE,NONE,FALSE,TENSED,FALSE
49,FALSE,NONE,REFERENTIAL,NOCASE,NONE,NONE,FALSE,TENSED,FALSE
50,FALSE,NONE,REFERENTIAL,NOCASE,NONE,NONE,FALSE,TENSED,FALSE
51,FALSE,NONE,REFERENTIAL,NOCASE,NONE,NONE,FALSE,TENSED,FALSE
52,FALSE,NONE,REFERENTIAL,NONE,NONE,NONE,FALSE,NONE,FALSE
53,FALSE,NONE,REFERENTIAL,NOCASE,NONE,NONE,FALSE,TENSED,FALSE
54,FALSE,NONE,REFERENTIAL,NONE,NONE,NONE,FALSE,NONE,FALSE
55,FALSE,NONE,REFERENTIAL,NOM,NONE,NONE,FALSE,TENSED,FALSE
56,FALSE,NONE,REFERENTIAL,NOCASE,NONE,NONE,FALSE,TENSED,FALSE
57,FALSE,NONE,REFERENTIAL,NONE,NONE,NONE,FALSE,NONE,FALSE
58,FALSE,NONE,REFERENTIAL,NOCASE,NONE,NONE,FALSE,TENSED,FALSE
59,FALSE,NONE,REFERENTIAL,NOCASE,NONE,NONE,FALSE,TENSED,FALSE
60,FALSE,NONE,REFERENTIAL,NOM,NONE,NONE,FALSE,TENSED,FALSE
61,FALSE,NONE,REFERENTIAL,NONE,NONE,NONE,FALSE,NONE,FALSE
62,FALSE,NONE,REFERENTIAL,NOM,NONE,NONE,FALSE,TENSED,FALSE
63,FALSE,NONE,REFERENTIAL,NOM,NONE,NONE,FALSE,TENSED,FALSE
64,FALSE,NONE,REFERENTIAL,NONE,NONE,NONE,FALSE,NONE,FALSE
65,FALSE,NONE,REFERENTIAL,NOCASE,NONE,NONE,FALSE,TENSED,FALSE
66,TRUE,NONE,REFERENTIAL,NOM,NONE,NONE,FALSE,TENSED,FALSE
67,TRUE,NONE,REFERENTIAL,NOCASE,NONE,NONE,FALSE,TENSED,FALSE
68,FALSE,NONE,REFERENTIAL,NOCASE,NONE,NONE,FALSE,TENSED,FALSE
69,FALSE,NONE,REFERENTIAL,NOCASE,NONE,NONE,FALSE,TENSED,FALSE
70,FALSE,NONE,REFERENTIAL,NOCASE,NONE,NONE,FALSE,TENSED,FALSE
71,FALSE,NONE,REFERENTIAL,NOCASE,NONE,NONE,FALSE,TENSED,FALSE
72,FALSE,NONE,REFERENTIAL,NONE,NONE,NONE,FALSE,NONE,FALSE
73,FALSE,NONE,REFERENTIAL,NOCASE,NONE,NONE,FALSE,TENSED,FALSE
74,FALSE,NONE,REFERENTIAL,NONE,NONE,NONE,FALSE,NONE,FALSE
75,FALSE,NONE,REFERENTIAL,NOM,NONE,NONE,FALSE,TENSED,FALSE
76,FALSE,NONE,REFERENTIAL,NOCASE,NONE,NONE,FALSE,TENSED,FALSE
77,FALSE,NONE,REFERENTIAL,NONE,NONE,NONE,FALSE,NONE,FALSE
78,FALSE,NONE,REFERENTIAL,NOCASE,NONE,NONE,FALSE,TENSED,FALSE
79,FALSE,NONE,REFERENTIAL,NOCASE,NONE,NONE,FALSE,TENSED,FALSE
80,FALSE,NONE,REFERENTIAL,NONE,NONE,NONE,FALSE,NONE,FALSE
81,FALSE,WHQ,REFERENTIAL,NOM,TRUE,NONE,FALSE,TENSED,FALSE
82,FALSE,NONE,REFERENTIAL,NONE,TRUE,NONE,FALSE,NONE,FALSE
83,FALSE,NONE,REFERENTIAL,NONE,TRUE,NONE,FALSE,NONE,FALSE
84,FALSE,WHQ,REFERENTIAL,NOM,NONE,NONE,FALSE,TENSED,FALSE
85,FALSE,NONE,REFERENTIAL,NONE,TRUE,NONE,FALSE,NONE,FALSE
86,FALSE,NONE,REFERENTIAL,NONE,NONE,NONE,FALSE,NONE,FALSE
87,FALSE,NONE,REFERENTIAL,NONE,NONE,NONE,FALSE,NONE,FALSE
88,FALSE,NONE,REFERENTIAL,NOCASE,NONE,NONE,FALSE,TENSED,FALSE
89,FALSE,NONE,REFERENTIAL,NONE,TRUE,NONE,FALSE,NONE,FALSE
90,FALSE,WHQ,REFERENTIAL,NOCASE,NONE,NONE,FALSE,TENSED,FALSE
91,FALSE,WHQ,REFERENTIAL,NOM,NONE,NONE,FALSE,TENSED,FALSE
92,TRUE,NONE,NONE,NOCASE,NONE,NONE,FALSE,TENSED,FALSE
93,FALSE,WHQ,NONE,NOCASE,NONE,NONE,FALSE,TENSED,FALSE
94,FALSE,NONE,REFERENTIAL,NONE,TRUE,NONE,FALSE,NONE,FALSE
95,FALSE,NONE,REFERENTIAL,NONE,TRUE,NONE,FALSE,NONE,FALSE
96,FALSE,NONE,NONE,NOM,NONE,NONE,FALSE,TENSED,FALSE
97,FALSE,NONE,NONE,NOM,NONE,NONE,FALSE,TENSED,FALSE
98,FALSE,NONE,REFERENTIAL,NONE,NONE,NONE,FALSE,NONE,FALSE
99,FALSE,WHQ,NONE,NOM,NONE,NONE,FALSE,TENSED,FALSE
100,FALSE,NONE,REFERENTIAL,NONE,NONE,NONE,FALSE,NONE,FALSE
101,FALSE,WHQ,REFERENTIAL,NOM,TRUE,NONE,FALSE,TENSED,FALSE
102,FALSE,NONE,REFERENTIAL,NONE,TRUE,NONE,FALSE,NONE,FALSE
103,FALSE,NONE,REFERENTIAL,NONE,TRUE,NONE,FALSE,NONE,FALSE
104,FALSE,WHQ,REFERENTIAL,NOM,NONE,NONE,FALSE,TENSED,FALSE
105,FALSE,NONE,REFERENTIAL,NONE,TRUE,NONE,FALSE,NONE,FALSE
106,FALSE,NONE,REFERENTIAL,NONE,NONE,NONE,FALSE,NONE,FALSE
107,FALSE,NONE,REFERENTIAL,NONE,NONE,NONE,FALSE,NONE,FALSE
108,FALSE,NONE,REFERENTIAL,NOCASE,NONE,NONE,FALSE,TENSED,FALSE
109,FALSE,NONE,REFERENTIAL,NONE,TRUE,NONE,FALSE,NONE,FALSE
110,FALSE,WHQ,REFERENTIAL,NOCASE,NONE,NONE,FALSE,TENSED,FALSE
111,FALSE,WHQ,REFERENTIAL,NOM,NONE,NONE,FALSE,TENSED,FALSE
112,TRUE,NONE,NONE,NOCASE,NONE,NONE,FALSE,TENSED,FALSE
113,FALSE,WHQ,NONE,NOCASE,NONE,NONE,FALSE,TENSED,FALSE
114,FALSE,NONE,REFERENTIAL,NONE,TRUE,NONE,FALSE,NONE,FALSE
115,FALSE,NONE,REFERENTIAL,NONE,TRUE,NONE,FALSE,NONE,FALSE
116,FALSE,NONE,NONE,NOM,NONE,NONE,FALSE,TENSED,FALSE
117,FALSE,NONE,NONE,NOM,NONE,NONE,FALSE,TENSED,FALSE
118,FALSE,NONE,REFERENTIAL,NONE,NONE,NONE,FALSE,NONE,FALSE
119,FALSE,WHQ,NONE,NOM,NONE,NONE,FALSE,TENSED,FALSE
120,FALSE,TENSED,REFERENTIAL,NOCASE,NONE,NONE,FALSE,TENSED,FALSE
121,FALSE,NONE,REFERENTIAL,NONE,NONE,NONE,FALSE,NONE,FALSE
122,FALSE,WHQ,REFERENTIAL,NOCASE,NONE,NONE,FALSE,TENSED,FALSE
123,FALSE,WHQ,REFERENTIAL,NOM,NONE,NONE,FALSE,TENSED,FALSE
124,FALSE,WHQ,REFERENTIAL,NOM,NONE,NONE,FALSE,TENSED,FALSE
125,FALSE,NONE,REFERENTIAL,NONE,NONE,NONE,FALSE,NONE,FALSE
126,FALSE,NONE,REFERENTIAL,NOM,NONE,NONE,FALSE,TENSED,FALSE
127,FALSE,NONE,REFERENTIAL,NONE,TRUE,NONE,FALSE,NONE,FALSE
128,FALSE,WHQ,REFERENTIAL,NOCASE,NONE,NONE,FALSE,TENSED,FALSE
129,FALSE,WHQ,REFERENTIAL,NOCASE,NONE,NONE,FALSE,TENSED,FALSE
130,FALSE,NONE,REFERENTIAL,NOCASE,NONE,NONE,FALSE,TENSED,FALSE
131,FALSE,NONE,NONE,NOCASE,NONE,NONE,FALSE,TENSED,FALSE
132,FALSE,NONE,REFERENTIAL,NONE,NONE,NONE,FALSE,NONE,FALSE
133,FALSE,NONE,REFERENTIAL,NONE,NONE,NONE,FALSE,NONE,FALSE
134,FALSE,NONE,REFERENTIAL,NONE,TRUE,NONE,FALSE,NONE,FALSE
135,FALSE,NONE,NONE,NOCASE,NONE,NONE,FALSE,TENSED,FALSE
136,FALSE,WHQ,REFERENTIAL,NOCASE,NONE,NONE,FALSE,TENSED,FALSE
137,FALSE,NONE,REFERENTIAL,NONE,TRUE,NONE,FALSE,NONE,FALSE
138,FALSE,WHQ,REFERENTIAL,NOCASE,NONE,NONE,FALSE,TENSED,FALSE
139,FALSE,WHQ,REFERENTIAL,NONE,NONE,NONE,FALSE,TO,FALSE
140,FALSE,TENSED,REFERENTIAL,NOCASE,NONE,NONE,FALSE,TENSED,FALSE
141,FALSE,NONE,REFERENTIAL,NONE,NONE,NONE,FALSE,NONE,FALSE
142,FALSE,WHQ,REFERENTIAL,NOCASE,NONE,NONE,FALSE,TENSED,FALSE
143,FALSE,WHQ,REFERENTIAL,NOM,NONE,NONE,FALSE,TENSED,FALSE
144,FALSE,WHQ,REFERENTIAL,NOM,NONE,NONE,FALSE,TENSED,FALSE
145,FALSE,NONE,REFERENTIAL,NONE,NONE,NONE,FALSE,NONE,FALSE
146,FALSE,NONE,REFERENTIAL,NOM,NONE,NONE,FALSE,TENSED,FALSE
147,FALSE,NONE,REFERENTIAL,NONE,TRUE,NONE,FALSE,NONE,FALSE
148,FALSE,WHQ,REFERENTIAL,NOCASE,NONE,NONE,FALSE,TENSED,FALSE
149,FALSE,WHQ,REFERENTIAL,NOCASE,NONE,NONE,FALSE,TENSED,FALSE
150,FALSE,NONE,REFERENTIAL,NOCASE,NONE,NONE,FALSE,TENSED,FALSE
151,FALSE,NONE,NONE,NOCASE,NONE,NONE,FALSE,TENSED,FALSE
152,FALSE,NONE,REFERENTIAL,NONE,NONE,NONE,FALSE,NONE,FALSE
153,FALSE,NONE,REFERENTIAL,NONE,NONE,NONE,FALSE,NONE,FALSE
154,FALSE,NONE,REFERENTIAL,NONE,TRUE,NONE,FALSE,NONE,FALSE
155,FALSE,NONE,NONE,NOCASE,NONE,NONE,FALSE,TENSED,FALSE
156,FALSE,WHQ,REFERENTIAL,NOCASE,NONE,NONE,FALSE,TENSED,FALSE
157,FALSE,NONE,REFERENTIAL,NONE,TRUE,NONE,FALSE,NONE,FALSE
158,FALSE,WHQ,REFERENTIAL,NOCASE,NONE,NONE,FALSE,TENSED,FALSE
159,FALSE,WHQ,REFERENTIAL,NONE,NONE,NONE,FALSE,TO,FALSE
160,FALSE,NONE,NONE,NONE,TRUE,NONE,FALSE,NONE,FALSE
161,FALSE,NONE,REFERENTIAL,NONE,TRUE,NONE,FALSE,NONE,FALSE
162,FALSE,NONE,REFERENTIAL,NOM,NONE,NONE,FALSE,TENSED,FALSE
163,FALSE,NONE,NONE,NONE,TRUE,NONE,FALSE,NONE,FALSE
164,FALSE,NONE,REFERENTIAL,NONE,TRUE,NONE,TRUE,NONE,FALSE
165,FALSE,NONE,REFERENTIAL,NOM,NONE,NONE,FALSE,TENSED,FALSE
166,FALSE,NONE,NONE,NONE,TRUE,NONE,FALSE,NONE,FALSE
167,FALSE,NONE,REFERENTIAL,NOCASE,NONE,NONE,FALSE,TENSED,FALSE
168,FALSE,NONE,REFERENTIAL,NOCASE,NONE,NONE,FALSE,TENSED,FALSE
169,FALSE,NONE,REFERENTIAL,NONE,TRUE,NONE,FALSE,NONE,FALSE
170,FALSE,NONE,NONE,NOCASE,NONE,NONE,FALSE,TENSED,FALSE
171,FALSE,NONE,REFERENTIAL,NONE,TRUE,NONE,FALSE,NONE,FALSE
172,FALSE,NONE,REFERENTIAL,NONE,TRUE,NONE,FALSE,NONE,FALSE
173,FALSE,NONE,REFERENTIAL,NONE,TRUE,NONE,FALSE,NONE,FALSE
174,FALSE,NONE,REFERENTIAL,NONE,TRUE,NONE,FALSE,NONE,FALSE
175,FALSE,NONE,REFERENTIAL,NONE,TRUE,NONE,FALSE,NONE,FALSE
176,FALSE,NONE,NONE,NONE,TRUE,NONE,FALSE,NONE,FALSE
177,FALSE,NONE,REFERENTIAL,NONE,TRUE,NONE,FALSE,NONE,FALSE
178,FALSE,NONE,REFERENTIAL,NONE,TRUE,NONE,FALSE,NONE,FALSE
179,FALSE,NONE,REFERENTIAL,NONE,TRUE,NONE,FALSE,NONE,FALSE
180,FALSE,NONE,NONE,NONE,TRUE,NONE,FALSE,NONE,FALSE
181,FALSE,NONE,REFERENTIAL,NONE,TRUE,NONE,FALSE,NONE,FALSE
182,FALSE,NONE,REFERENTIAL,NOM,NONE,NONE,FALSE,TENSED,FALSE
183,FALSE,NONE,NONE,NONE,TRUE,NONE,FALSE,NONE,FALSE
184,FALSE,NONE,REFERENTIAL,NONE,TRUE,NONE,TRUE,NONE,FALSE
185,FALSE,NONE,REFERENTIAL,NOM,NONE,NONE,FALSE,TENSED,FALSE
186,FALSE,NONE,NONE,NONE,TRUE,NONE,FALSE,NONE,FALSE
187,FALSE,NONE,REFERENTIAL,NOCASE,NONE,NONE,FALSE,TENSED,FALSE
188,FALSE,NONE,REFERENTIAL,NOCASE,NONE,NONE,FALSE,TENSED,FALSE
189,FALSE,NONE,REFERENTIAL,NONE,TRUE,NONE,FALSE,NONE,FALSE
190,FALSE,NONE,NONE,NOCASE,NONE,NONE,FALSE,TENSED,FALSE
191,FALSE,NONE,REFERENTIAL,NONE,TRUE,NONE,FALSE,NONE,FALSE
192,FALSE,NONE,REFERENTIAL,NONE,TRUE,NONE,FALSE,NONE,FALSE
193,FALSE,NONE,REFERENTIAL,NONE,TRUE,NONE,FALSE,NONE,FALSE
194,FALSE,NONE,REFERENTIAL,NONE,TRUE,NONE,FALSE,NONE,FALSE
195,FALSE,NONE,REFERENTIAL,NONE,TRUE,NONE,FALSE,NONE,FALSE
196,FALSE,NONE,NONE,NONE,TRUE,NONE,FALSE,NONE,FALSE
197,FALSE,NONE,REFERENTIAL,NONE,TRUE,NONE,FALSE,NONE,FALSE
198,FALSE,NONE,REFERENTIAL,NONE,TRUE,NONE,FALSE,NONE,FALSE
199,FALSE,NONE,REFERENTIAL,NONE,TRUE,NONE,FALSE,NONE,FALSE
200,FALSE,NONE,REFERENTIAL,NONE,TRUE,NONE,FALSE,NONE,FALSE
201,FALSE,NONE,REFERENTIAL,NONE,TRUE,NONE,TRUE,NONE,FALSE
202,FALSE,NONE,REFERENTIAL,NONE,TRUE,NONE,FALSE,NONE,FALSE
203,FALSE,NONE,REFERENTIAL,NONE,TRUE,NONE,TRUE,NONE,FALSE
204,FALSE,NONE,REFERENTIAL,NONE,TRUE,NONE,FALSE,NONE,FALSE
205,TRUE,NONE,REFERENTIAL,NONE,TRUE,NONE,FALSE,NONE,FALSE
206,FALSE,NONE,REFERENTIAL,NONE,TRUE,NONE,FALSE,NONE,FALSE
207,FALSE,NONE,REFERENTIAL,NONE,TRUE,NONE,TRUE,NONE,FALSE
208,FALSE,NONE,REFERENTIAL,NONE,TRUE,NONE,TRUE,NONE,FALSE
209,FALSE,NONE,REFERENTIAL,NONE,TRUE,NONE,FALSE,NONE,FALSE
210,FALSE,NONE,NONE,NONE,TRUE,NONE,TRUE,NONE,FALSE
211,TRUE,NONE,REFERENTIAL,NONE,TRUE,NONE,FALSE,NONE,FALSE
212,FALSE,NONE,REFERENTIAL,NONE,TRUE,NONE,FALSE,NONE,FALSE
213,FALSE,NONE,REFERENTIAL,NONE,TRUE,NONE,FALSE,NONE,FALSE
214,FALSE,NONE,REFERENTIAL,NONE,TRUE,NONE,FALSE,NONE,FALSE
215,TRUE,NONE,REFERENTIAL,NONE,TRUE,NONE,FALSE,NONE,FALSE
216,FALSE,NONE,REFERENTIAL,NONE,TRUE,NONE,TRUE,NONE,FALSE
217,FALSE,NONE,REFERENTIAL,NONE,TRUE,NONE,FALSE,NONE,FALSE
218,FALSE,NONE,REFERENTIAL,NONE,TRUE,NONE,FALSE,NONE,FALSE
219,FALSE,NONE,REFERENTIAL,NONE,TRUE,NONE,FALSE,NONE,FALSE
220,FALSE,NONE,REFERENTIAL,NONE,TRUE,NONE,FALSE,NONE,FALSE
221,FALSE,NONE,REFERENTIAL,NONE,TRUE,NONE,TRUE,NONE,FALSE
222,FALSE,NONE,REFERENTIAL,NONE,TRUE,NONE,FALSE,NONE,FALSE
223,FALSE,NONE,REFERENTIAL,NONE,TRUE,NONE,TRUE,NONE,FALSE
224,FALSE,NONE,REFERENTIAL,NONE,TRUE,NONE,FALSE,NONE,FALSE
225,TRUE,NONE,REFERENTIAL,NONE,TRUE,NONE,FALSE,NONE,FALSE
226,FALSE,NONE,REFERENTIAL,NONE,TRUE,NONE,FALSE,NONE,FALSE
227,FALSE,NONE,REFERENTIAL,NONE,TRUE,NONE,TRUE,NONE,FALSE
228,FALSE,NONE,REFERENTIAL,NONE,TRUE,NONE,TRUE,NONE,FALSE
229,FALSE,NONE,REFERENTIAL,NONE,TRUE,NONE,FALSE,NONE,FALSE
230,FALSE,NONE,NONE,NONE,TRUE,NONE,TRUE,NONE,FALSE
231,TRUE,NONE,REFERENTIAL,NONE,TRUE,NONE,FALSE,NONE,FALSE
232,FALSE,NONE,REFERENTIAL,NONE,TRUE,NONE,FALSE,NONE,FALSE
233,FALSE,NONE,REFERENTIAL,NONE,TRUE,NONE,FALSE,NONE,FALSE
234,FALSE,NONE,REFERENTIAL,NONE,TRUE,NONE,FALSE,NONE,FALSE
235,TRUE,NONE,REFERENTIAL,NONE,TRUE,NONE,FALSE,NONE,FALSE
236,FALSE,NONE,REFERENTIAL,NONE,TRUE,NONE,TRUE,NONE,FALSE
237,FALSE,NONE,REFERENTIAL,NONE,TRUE,NONE,FALSE,NONE,FALSE
238,FALSE,NONE,REFERENTIAL,NONE,TRUE,NONE,FALSE,NONE,FALSE
239,FALSE,NONE,REFERENTIAL,NONE,TRUE,NONE,FALSE,NONE,FALSE
240,FALSE,NONE,REFERENTIAL,NOM,NONE,NONE,FALSE,TENSED,FALSE
241,FALSE,NONE,REFERENTIAL,NOCASE,NONE,NONE,FALSE,TENSED,FALSE
242,FALSE,NONE,REFERENTIAL,NOCASE,NONE,NONE,FALSE,TENSED,FALSE
243,FALSE,NONE,REFERENTIAL,NOM,NONE,NONE,FALSE,TENSED,FALSE
244,FALSE,NONE,NONE,NONE,NONE,NONE,TRUE,NONE,FALSE
245,FALSE,NONE,NONE,NONE,NONE,NONE,TRUE,NONE,FALSE
246,FALSE,NONE,REFERENTIAL,NOCASE,NONE,NONE,FALSE,TENSED,FALSE
247,FALSE,NONE,REFERENTIAL,NOM,NONE,NONE,FALSE,TENSED,FALSE
248,FALSE,NONE,REFERENTIAL,NOCASE,NONE,NONE,FALSE,TENSED,FALSE
249,FALSE,NONE,REFERENTIAL,NOM,NONE,NONE,FALSE,TENSED,FALSE
250,TRUE,NONE,REFERENTIAL,NOCASE,NONE,NONE,FALSE,TENSED,FALSE
251,FALSE,NONE,REFERENTIAL,NOCASE,NONE,NONE,FALSE,TENSED,FALSE
252,FALSE,NONE,REFERENTIAL,NOCASE,NONE,NONE,FALSE,TENSED,FALSE
253,FALSE,NONE,REFERENTIAL,NONE,TRUE,NONE,FALSE,NONE,FALSE
254,FALSE,NONE,NONE,NOCASE,NONE,NONE,FALSE,TENSED,FALSE
255,FALSE,NONE,REFERENTIAL,NONE,NONE,NONE,FALSE,NONE,FALSE
256,FALSE,NONE,REFERENTIAL,NONE,NONE,NONE,TRUE,NONE,FALSE
257,TRUE,NONE,REFERENTIAL,NOCASE,NONE,NONE,FALSE,TENSED,FALSE
258,FALSE,NONE,REFERENTIAL,NOCASE,NONE,NONE,FALSE,TENSED,FALSE
259,FALSE,NONE,REFERENTIAL,NOCASE,NONE,NONE,FALSE,TENSED,FALSE
260,FALSE,NONE,REFERENTIAL,NOM,NONE,NONE,FALSE,TENSED,FALSE
261,FALSE,NONE,REFERENTIAL,NOCASE,NONE,NONE,FALSE,TENSED,FALSE
262,FALSE,NONE,REFERENTIAL,NOCASE,NONE,NONE,FALSE,TENSED,FALSE
263,FALSE,NONE,REFERENTIAL,NOM,NONE,NONE,FALSE,TENSED,FALSE
264,FALSE,NONE,NONE,NONE,NONE,NONE,TRUE,NONE,FALSE
265,FALSE,NONE,NONE,NONE,NONE,NONE,TRUE,NONE,FALSE
266,FALSE,NONE,REFERENTIAL,NOCASE,NONE,NONE,FALSE,TENSED,FALSE
267,FALSE,NONE,REFERENTIAL,NOM,NONE,NONE,FALSE,TENSED,FALSE
268,FALSE,NONE,REFERENTIAL,NOCASE,NONE,NONE,FALSE,TENSED,FALSE
269,FALSE,NONE,REFERENTIAL,NOM,NONE,NONE,FALSE,TENSED,FALSE
270,TRUE,NONE,REFERENTIAL,NOCASE,NONE,NONE,FALSE,TENSED,FALSE
271,FALSE,NONE,REFERENTIAL,NOCASE,NONE,NONE,FALSE,TENSED,FALSE
272,FALSE,NONE,REFERENTIAL,NOCASE,NONE,NONE,FALSE,TENSED,FALSE
273,FALSE,NONE,REFERENTIAL,NONE,TRUE,NONE,FALSE,NONE,FALSE
274,FALSE,NONE,NONE,NOCASE,NONE,NONE,FALSE,TENSED,FALSE
275,FALSE,NONE,REFERENTIAL,NONE,NONE,NONE,FALSE,NONE,FALSE
276,FALSE,NONE,REFERENTIAL,NONE,NONE,NONE,TRUE,NONE,FALSE
277,TRUE,NONE,REFERENTIAL,NOCASE,NONE,NONE,FALSE,TENSED,FALSE
278,FALSE,NONE,REFERENTIAL,NOCASE,NONE,NONE,FALSE,TENSED,FALSE
279,FALSE,NONE,REFERENTIAL,NOCASE,NONE,NONE,FALSE,TENSED,FALSE
280,FALSE,NONE,REFERENTIAL,NOCASE,NONE,NONE,FALSE,TENSED,FALSE
281,FALSE,NONE,REFERENTIAL,NONE,TRUE,NONE,FALSE,NONE,FALSE
282,FALSE,FINITE,REFERENTIAL,NOM,NONE,NONE,FALSE,TENSED,FALSE
283,FALSE,NONE,REFERENTIAL,NOM,NONE,NONE,FALSE,TENSED,FALSE
284,FALSE,NONE,NONE,NOM,NONE,NONE,FALSE,TENSED,FALSE
285,FALSE,NONE,REFERENTIAL,NOM,NONE,NONE,FALSE,TENSED,FALSE
286,FALSE,NONE,REFERENTIAL,NONE,NONE,NONE,FALSE,NONE,FALSE
287,FALSE,NONE,REFERENTIAL,NOCASE,NONE,NONE,FALSE,TENSED,FALSE
288,FALSE,NONE,REFERENTIAL,NOM,NONE,NONE,FALSE,TENSED,FALSE
289,FALSE,NONE,REFERENTIAL,NOCASE,NONE,NONE,FALSE,TENSED,FALSE
290,FALSE,NONE,REFERENTIAL,NOCASE,NONE,NONE,FALSE,TENSED,FALSE
291,FALSE,NONE,REFERENTIAL,NOM,NONE,NONE,FALSE,TENSED,FALSE
292,FALSE,NONE,REFERENTIAL,NOCASE,NONE,NONE,FALSE,TENSED,FALSE
293,FALSE,NONE,REFERENTIAL,NOCASE,NONE,NONE,FALSE,TENSED,FALSE
294,FALSE,NONE,REFERENTIAL,NOCASE,NONE,NONE,FALSE,TENSED,FALSE
295,FALSE,NONE,REFERENTIAL,NOM,NONE,NONE,FALSE,TENSED,FALSE
296,FALSE,NONE,REFERENTIAL,NOCASE,NONE,NONE,FALSE,TENSED,FALSE
297,FALSE,NONE,REFERENTIAL,NOCASE,NONE,NONE,FALSE,TENSED,FALSE
298,FALSE,NONE,REFERENTIAL,NOCASE,NONE,NONE,FALSE,TENSED,FALSE
299,FALSE,NONE,REFERENTIAL,NOCASE,NONE,NONE,FALSE,TENSED,FALSE
300,FALSE,NONE,REFERENTIAL,NOCASE,NONE,NONE,FALSE,TENSED,FALSE
301,FALSE,NONE,REFERENTIAL,NONE,TRUE,NONE,FALSE,NONE,FALSE
302,FALSE,FINITE,REFERENTIAL,NOM,NONE,NONE,FALSE,TENSED,FALSE
303,FALSE,NONE,REFERENTIAL,NOM,NONE,NONE,FALSE,TENSED,FALSE
304,FALSE,NONE,NONE,NOM,NONE,NONE,FALSE,TENSED,FALSE
305,FALSE,NONE,REFERENTIAL,NOM,NONE,NONE,FALSE,TENSED,FALSE
306,FALSE,NONE,REFERENTIAL,NONE,NONE,NONE,FALSE,NONE,FALSE
307,FALSE,NONE,REFERENTIAL,NOCASE,NONE,NONE,FALSE,TENSED,FALSE
308,FALSE,NONE,REFERENTIAL,NOM,NONE,NONE,FALSE,TENSED,FALSE
309,FALSE,NONE,REFERENTIAL,NOCASE,NONE,NONE,FALSE,TENSED,FALSE
310,FALSE,NONE,REFERENTIAL,NOCASE,NONE,NONE,FALSE,TENSED,FALSE
311,FALSE,NONE,REFERENTIAL,NOM,NONE,NONE,FALSE,TENSED,FALSE
312,FALSE,NONE,REFERENTIAL,NOCASE,NONE,NONE,FALSE,TENSED,FALSE
313,FALSE,NONE,REFERENTIAL,NOCASE,NONE,NONE,FALSE,TENSED,FALSE
314,FALSE,NONE,REFERENTIAL,NOCASE,NONE,NONE,FALSE,TENSED,FALSE
315,FALSE,NONE,REFERENTIAL,NOM,NONE,NONE,FALSE,TENSED,FALSE
316,FALSE,NONE,REFERENTIAL,NOCASE,NONE,NONE,FALSE,TENSED,FALSE
317,FALSE,NONE,REFERENTIAL,NOCASE,NONE,NONE,FALSE,TENSED,FALSE
318,FALSE,NONE,REFERENTIAL,NOCASE,NONE,NONE,FALSE,TENSED,FALSE
319,FALSE,NONE,REFERENTIAL,NOCASE,NONE,NONE,FALSE,TENSED,FALSE
320,FALSE,NONE,NONE,NONE,TRUE,NONE,FALSE,NONE,FALSE
321,FALSE,NONE,REFERENTIAL,NONE,TRUE,NONE,FALSE,NONE,FALSE
322,FALSE,NONE,REFERENTIAL,NONE,NONE,NONE,FALSE,NONE,FALSE
323,FALSE,NONE,REFERENTIAL,NONE,TRUE,NONE,FALSE,NONE,FALSE
324,FALSE,NONE,REFERENTIAL,NONE,TRUE,NONE,FALSE,NONE,FALSE
325,FALSE,NONE,REFERENTIAL,NONE,NONE,NONE,FALSE,NONE,FALSE
326,FALSE,NONE,REFERENTIAL,NONE,TRUE,NONE,FALSE,NONE,FALSE
327,FALSE,WHQ,REFERENTIAL,NONE,NONE,NONE,FALSE,NONE,FALSE
328,FALSE,NONE,REFERENTIAL,NONE,NONE,NONE,FALSE,NONE,FALSE
329,FALSE,NONE,REFERENTIAL,NONE,TRUE,NONE,FALSE,NONE,FALSE
330,FALSE,NONE,REFERENTIAL,NONE,TRUE,NONE,FALSE,NONE,FALSE
331,FALSE,NONE,REFERENTIAL,ACC,NONE,NONE,FALSE,GERUND,FALSE
332,FALSE,NONE,REFERENTIAL,NONE,NONE,NONE,FALSE,NONE,FALSE
333,FALSE,WHQ,REFERENTIAL,NOCASE,NONE,NONE,FALSE,TENSED,FALSE
334,FALSE,NONE,REFERENTIAL,NONE,TRUE,NONE,FALSE,NONE,FALSE
335,FALSE,POLARQ,NONE,NOCASE,NONE,NONE,FALSE,TENSED,FALSE
336,FALSE,NONE,REFERENTIAL,NONE,TRUE,NONE,FALSE,NONE,FALSE
337,FALSE,NONE,NONE,NONE,TRUE,NONE,FALSE,NONE,FALSE
338,FALSE,NONE,REFERENTIAL,NONE,TRUE,NONE,FALSE,NONE,FALSE
339,FALSE,POLARQ,NONE,NOM,NONE,NONE,FALSE,TENSED,FALSE
340,FALSE,NONE,NONE,NONE,TRUE,NONE,FALSE,NONE,FALSE
341,FALSE,NONE,REFERENTIAL,NONE,TRUE,NONE,FALSE,NONE,FALSE
342,FALSE,NONE,REFERENTIAL,NONE,NONE,NONE,FALSE,NONE,FALSE
343,FALSE,NONE,REFERENTIAL,NONE,TRUE,NONE,FALSE,NONE,FALSE
344,FALSE,NONE,REFERENTIAL,NONE,TRUE,NONE,FALSE,NONE,FALSE
345,FALSE,NONE,REFERENTIAL,NONE,NONE,NONE,FALSE,NONE,FALSE
346,FALSE,NONE,REFERENTIAL,NONE,TRUE,NONE,FALSE,NONE,FALSE
347,FALSE,WHQ,REFERENTIAL,NONE,NONE,NONE,FALSE,NONE,FALSE
348,FALSE,NONE,REFERENTIAL,NONE,NONE,NONE,FALSE,NONE,FALSE
349,FALSE,NONE,REFERENTIAL,NONE,TRUE,NONE,FALSE,NONE,FALSE
350,FALSE,NONE,REFERENTIAL,NONE,TRUE,NONE,FALSE,NONE,FALSE
351,FALSE,NONE,REFERENTIAL,ACC,NONE,NONE,FALSE,GERUND,FALSE
352,FALSE,NONE,REFERENTIAL,NONE,NONE,NONE,FALSE,NONE,FALSE
353,FALSE,WHQ,REFERENTIAL,NOCASE,NONE,NONE,FALSE,TENSED,FALSE
354,FALSE,NONE,REFERENTIAL,NONE,TRUE,NONE,FALSE,NONE,FALSE
355,FALSE,POLARQ,NONE,NOCASE,NONE,NONE,FALSE,TENSED,FALSE
356,FALSE,NONE,REFERENTIAL,NONE,TRUE,NONE,FALSE,NONE,FALSE
357,FALSE,NONE,NONE,NONE,TRUE,NONE,FALSE,NONE,FALSE
358,FALSE,NONE,REFERENTIAL,NONE,TRUE,NONE,FALSE,NONE,FALSE
359,FALSE,POLARQ,NONE,NOM,NONE,NONE,FALSE,TENSED,FALSE
360,FALSE,NONE,REFERENTIAL,NOCASE,NONE,NONE,FALSE,TENSED,FALSE
361,FALSE,NONE,NONE,NONE,TRUE,NONE,FALSE,NONE,FALSE
362,FALSE,WHQ,REFERENTIAL,NOCASE,NONE,NONE,FALSE,TENSED,FALSE
363,FALSE,NONE,REFERENTIAL,NONE,TRUE,NONE,FALSE,NONE,FALSE
364,FALSE,NONE,REFERENTIAL,NONE,NONE,NONE,FALSE,NONE,FALSE
365,FALSE,NONE,REFERENTIAL,NONE,NONE,NONE,FALSE,NONE,FALSE
366,FALSE,NONE,REFERENTIAL,NONE,TRUE,NONE,FALSE,NONE,FALSE
367,FALSE,POLARQ,REFERENTIAL,NOM,NONE,NONE,FALSE,TENSED,FALSE
368,FALSE,NONE,REFERENTIAL,NONE,TRUE,NONE,FALSE,NONE,FALSE
369,FALSE,NONE,REFERENTIAL,NONE,TRUE,NONE,FALSE,NONE,FALSE
370,FALSE,POLARQ,REFERENTIAL,NOCASE,NONE,NONE,FALSE,TENSED,FALSE
371,FALSE,NONE,NONE,NONE,TRUE,NONE,FALSE,NONE,FALSE
372,FALSE,NONE,REFERENTIAL,NONE,NONE,NONE,FALSE,NONE,FALSE
373,FALSE,WHQ,REFERENTIAL,NOCASE,NONE,NONE,FALSE,TENSED,FALSE
374,FALSE,NONE,NONE,NONE,TRUE,NONE,FALSE,NONE,FALSE
375,FALSE,NONE,REFERENTIAL,NONE,NONE,NONE,FALSE,NONE,FALSE
376,FALSE,NONE,REFERENTIAL,NONE,TRUE,NONE,FALSE,NONE,FALSE
377,FALSE,NONE,REFERENTIAL,NONE,NONE,NONE,FALSE,NONE,FALSE
378,FALSE,WHQ,REFERENTIAL,NOCASE,NONE,NONE,FALSE,TENSED,FALSE
379,FALSE,NONE,REFERENTIAL,NONE,TRUE,NONE,FALSE,NONE,FALSE
380,FALSE,NONE,REFERENTIAL,NONE,TRUE,NONE,FALSE,NONE,FALSE
381,FALSE,NONE,NONE,NONE,TRUE,NONE,FALSE,NONE,FALSE
382,FALSE,WHQ,REFERENTIAL,NOCASE,NONE,NONE,FALSE,TENSED,FALSE
383,FALSE,NONE,REFERENTIAL,NONE,TRUE,NONE,FALSE,NONE,FALSE
384,FALSE,NONE,REFERENTIAL,NONE,NONE,NONE,FALSE,NONE,FALSE
385,FALSE,NONE,REFERENTIAL,NONE,NONE,NONE,FALSE,NONE,FALSE
386,FALSE,NONE,REFERENTIAL,NONE,TRUE,NONE,FALSE,NONE,FALSE
387,FALSE,POLARQ,REFERENTIAL,NOM,NONE,NONE,FALSE,TENSED,FALSE
388,FALSE,NONE,REFERENTIAL,NONE,TRUE,NONE,FALSE,NONE,FALSE
389,FALSE,NONE,REFERENTIAL,NONE,TRUE,NONE,FALSE,NONE,FALSE
390,FALSE,POLARQ,REFERENTIAL,NOCASE,NONE,NONE,FALSE,TENSED,FALSE
391,FALSE,NONE,NONE,NONE,TRUE,NONE,FALSE,NONE,FALSE
392,FALSE,NONE,REFERENTIAL,NONE,NONE,NONE,FALSE,NONE,FALSE
393,FALSE,WHQ,REFERENTIAL,NOCASE,NONE,NONE,FALSE,TENSED,FALSE
394,FALSE,NONE,NONE,NONE,TRUE,NONE,FALSE,NONE,FALSE
395,FALSE,NONE,REFERENTIAL,NONE,NONE,NONE,FALSE,NONE,FALSE
396,FALSE,NONE,REFERENTIAL,NONE,TRUE,NONE,FALSE,NONE,FALSE
397,FALSE,NONE,REFERENTIAL,NONE,NONE,NONE,FALSE,NONE,FALSE
398,FALSE,WHQ,REFERENTIAL,NOCASE,NONE,NONE,FALSE,TENSED,FALSE
399,FALSE,NONE,REFERENTIAL,NONE,TRUE,NONE,FALSE,NONE,FALSE
400,FALSE,NONE,REFERENTIAL,NONE,TRUE,NONE,FALSE,NONE,FALSE
401,FALSE,NONE,REFERENTIAL,NONE,TRUE,NONE,FALSE,NONE,FALSE
402,FALSE,NONE,REFERENTIAL,NONE,TRUE,NONE,FALSE,NONE,FALSE
403,FALSE,NONE,REFERENTIAL,NONE,TRUE,NONE,FALSE,NONE,FALSE
404,FALSE,NONE,REFERENTIAL,NONE,TRUE,NONE,FALSE,NONE,FALSE
405,FALSE,NONE,REFERENTIAL,NONE,NONE,NONE,TRUE,NONE,FALSE
406,FALSE,NONE,REFERENTIAL,NONE,TRUE,NONE,FALSE,NONE,FALSE
407,FALSE,NONE,REFERENTIAL,NONE,TRUE,NONE,FALSE,NONE,FALSE
408,FALSE,NONE,REFERENTIAL,NONE,TRUE,NONE,FALSE,NONE,FALSE
409,FALSE,NONE,REFERENTIAL,NONE,TRUE,NONE,FALSE,NONE,FALSE
410,FALSE,NONE,REFERENTIAL,NONE,TRUE,NONE,FALSE,NONE,FALSE
411,FALSE,NONE,REFERENTIAL,NOCASE,NONE,NONE,FALSE,NIL,FALSE
412,FALSE,NONE,REFERENTIAL,NONE,NONE,NONE,TRUE,NONE,FALSE
413,FALSE,NONE,REFERENTIAL,NONE,TRUE,NONE,FALSE,NONE,FALSE
414,FALSE,NONE,REFERENTIAL,NONE,TRUE,NONE,FALSE,NONE,FALSE
415,FALSE,NONE,REFERENTIAL,NONE,TRUE,NONE,FALSE,NONE,FALSE
416,FALSE,NONE,REFERENTIAL,NOCASE,NONE,NONE,FALSE,GERUND,FALSE
417,FALSE,NONE,REFERENTIAL,NOCASE,NONE,NONE,FALSE,NIL,FALSE
418,FALSE,NONE,REFERENTIAL,NONE,TRUE,NONE,FALSE,NONE,FALSE
419,FALSE,NONE,REFERENTIAL,NONE,TRUE,NONE,FALSE,NONE,FALSE
420,FALSE,NONE,REFERENTIAL,NONE,TRUE,NONE,FALSE,NONE,FALSE
421,FALSE,NONE,REFERENTIAL,NONE,TRUE,NONE,FALSE,NONE,FALSE
422,FALSE,NONE,REFERENTIAL,NONE,TRUE,NONE,FALSE,NONE,FALSE
423,FALSE,NONE,REFERENTIAL,NONE,TRUE,NONE,FALSE,NONE,FALSE
424,FALSE,NONE,REFERENTIAL,NONE,TRUE,NONE,FALSE,NONE,FALSE
425,FALSE,NONE,REFERENTIAL,NONE,NONE,NONE,TRUE,NONE,FALSE
426,FALSE,NONE,REFERENTIAL,NONE,TRUE,NONE,FALSE,NONE,FALSE
427,FALSE,NONE,REFERENTIAL,NONE,TRUE,NONE,FALSE,NONE,FALSE
428,FALSE,NONE,REFERENTIAL,NONE,TRUE,NONE,FALSE,NONE,FALSE
429,FALSE,NONE,REFERENTIAL,NONE,TRUE,NONE,FALSE,NONE,FALSE
430,FALSE,NONE,REFERENTIAL,NONE,TRUE,NONE,FALSE,NONE,FALSE
431,FALSE,NONE,REFERENTIAL,NOCASE,NONE,NONE,FALSE,NIL,FALSE
432,FALSE,NONE,REFERENTIAL,NONE,NONE,NONE,TRUE,NONE,FALSE
433,FALSE,NONE,REFERENTIAL,NONE,TRUE,NONE,FALSE,NONE,FALSE
434,FALSE,NONE,REFERENTIAL,NONE,TRUE,NONE,FALSE,NONE,FALSE
435,FALSE,NONE,REFERENTIAL,NONE,TRUE,NONE,FALSE,NONE,FALSE
436,FALSE,NONE,REFERENTIAL,NOCASE,NONE,NONE,FALSE,GERUND,FALSE
437,FALSE,NONE,REFERENTIAL,NOCASE,NONE,NONE,FALSE,NIL,FALSE
438,FALSE,NONE,REFERENTIAL,NONE,TRUE,NONE,FALSE,NONE,FALSE
439,FALSE,NONE,REFERENTIAL,NONE,TRUE,NONE,FALSE,NONE,FALSE
440,FALSE,POLARQ,REFERENTIAL,NOM,NONE,NONE,FALSE,TENSED,FALSE
441,FALSE,NONE,REFERENTIAL,NOCASE,NONE,NONE,FALSE,NIL,FALSE
442,FALSE,NONE,REFERENTIAL,NOCASE,NONE,NONE,FALSE,GERUND,FALSE
443,FALSE,NONE,REFERENTIAL,NONE,TRUE,NONE,FALSE,NONE,FALSE
444,FALSE,NONE,REFERENTIAL,NONE,TRUE,NONE,FALSE,NONE,FALSE
445,FALSE,NONE,REFERENTIAL,NONE,TRUE,NONE,FALSE,NONE,FALSE
446,FALSE,NONE,REFERENTIAL,NONE,TRUE,NONE,FALSE,NONE,FALSE
447,FALSE,NONE,REFERENTIAL,NONE,TRUE,NONE,TRUE,NONE,FALSE
448,FALSE,NONE,REFERENTIAL,NONE,TRUE,NONE,FALSE,NONE,FALSE
449,FALSE,NONE,REFERENTIAL,NONE,TRUE,NONE,FALSE,NONE,FALSE
450,FALSE,NONE,REFERENTIAL,NOCASE,NONE,NONE,FALSE,TENSED,FALSE
451,FALSE,NONE,REFERENTIAL,ACC,NONE,NONE,FALSE,NIL,FALSE
452,FALSE,NONE,REFERENTIAL,NONE,TRUE,NONE,FALSE,NONE,FALSE
453,FALSE,NONE,REFERENTIAL,NONE,TRUE,NONE,FALSE,NONE,FALSE
454,FALSE,NONE,REFERENTIAL,NONE,TRUE,NONE,FALSE,NONE,FALSE
455,FALSE,NONE,REFERENTIAL,NONE,TRUE,NONE,FALSE,NONE,FALSE
456,FALSE,NONE,REFERENTIAL,NONE,TRUE,NONE,FALSE,NONE,FALSE
457,FALSE,NONE,REFERENTIAL,NONE,NONE,NONE,FALSE,NONE,FALSE
458,FALSE,NONE,REFERENTIAL,NONE,TRUE,NONE,FALSE,NONE,FALSE
459,FALSE,NONE,REFERENTIAL,NONE,TRUE,NONE,FALSE,NONE,FALSE
460,FALSE,POLARQ,REFERENTIAL,NOM,NONE,NONE,FALSE,TENSED,FALSE
461,FALSE,NONE,REFERENTIAL,NOCASE,NONE,NONE,FALSE,NIL,FALSE
462,FALSE,NONE,REFERENTIAL,NOCASE,NONE,NONE,FALSE,GERUND,FALSE
463,FALSE,NONE,REFERENTIAL,NONE,TRUE,NONE,FALSE,NONE,FALSE
464,FALSE,NONE,REFERENTIAL,NONE,TRUE,NONE,FALSE,NONE,FALSE
465,FALSE,NONE,REFERENTIAL,NONE,TRUE,NONE,FALSE,NONE,FALSE
466,FALSE,NONE,REFERENTIAL,NONE,TRUE,NONE,FALSE,NONE,FALSE
467,FALSE,NONE,REFERENTIAL,NONE,TRUE,NONE,TRUE,NONE,FALSE
468,FALSE,NONE,REFERENTIAL,NONE,TRUE,NONE,FALSE,NONE,FALSE
469,FALSE,NONE,REFERENTIAL,NONE,TRUE,NONE,FALSE,NONE,FALSE
470,FALSE,NONE,REFERENTIAL,NOCASE,NONE,NONE,FALSE,TENSED,FALSE
471,FALSE,NONE,REFERENTIAL,ACC,NONE,NONE,FALSE,NIL,FALSE
472,FALSE,NONE,REFERENTIAL,NONE,TRUE,NONE,FALSE,NONE,FALSE
473,FALSE,NONE,REFERENTIAL,NONE,TRUE,NONE,FALSE,NONE,FALSE
474,FALSE,NONE,REFERENTIAL,NONE,TRUE,NONE,FALSE,NONE,FALSE
475,FALSE,NONE,REFERENTIAL,NONE,TRUE,NONE,FALSE,NONE,FALSE
476,FALSE,NONE,REFERENTIAL,NONE,TRUE,NONE,FALSE,NONE,FALSE
477,FALSE,NONE,REFERENTIAL,NONE,NONE,NONE,FALSE,NONE,FALSE
478,FALSE,NONE,REFERENTIAL,NONE,TRUE,NONE,FALSE,NONE,FALSE
479,FALSE,NONE,REFERENTIAL,NONE,TRUE,NONE,FALSE,NONE,FALSE
480,FALSE,NONE,REFERENTIAL,NONE,NONE,NONE,FALSE,NONE,FALSE
481,FALSE,NONE,REFERENTIAL,NONE,NONE,NONE,FALSE,NONE,FALSE
482,FALSE,WHQ,REFERENTIAL,NOCASE,NONE,NONE,FALSE,TENSED,FALSE
483,FALSE,NONE,REFERENTIAL,NONE,NONE,NONE,FALSE,NONE,FALSE
484,TRUE,NONE,REFERENTIAL,NOCASE,NONE,NONE,FALSE,TENSED,FALSE
485,FALSE,NONE,REFERENTIAL,NOCASE,NONE,NONE,FALSE,TENSED,FALSE
486,FALSE,NONE,REFERENTIAL,NONE,TRUE,NONE,FALSE,NONE,FALSE
487,TRUE,NONE,REFERENTIAL,NOCASE,NONE,NONE,FALSE,TENSED,FALSE
488,FALSE,WHQ,REFERENTIAL,NONE,NONE,NONE,FALSE,NONE,FALSE
489,FALSE,WHQ,REFERENTIAL,NOCASE,NONE,NONE,FALSE,TENSED,FALSE
490,FALSE,NONE,REFERENTIAL,NONE,TRUE,NONE,FALSE,NONE,FALSE
491,FALSE,WHQ,REFERENTIAL,NOCASE,NONE,NONE,FALSE,TENSED,FALSE
492,FALSE,NONE,REFERENTIAL,NONE,TRUE,NONE,FALSE,NONE,FALSE
493,FALSE,NONE,REFERENTIAL,NONE,NONE,NONE,FALSE,NONE,FALSE
494,FALSE,POLARQ,REFERENTIAL,NOCASE,NONE,NONE,FALSE,TENSED,FALSE
495,FALSE,NONE,REFERENTIAL,NOCASE,NONE,NONE,FALSE,TENSED,FALSE
496,FALSE,NONE,REFERENTIAL,NONE,NONE,NONE,FALSE,NONE,FALSE
497,TRUE,NONE,REFERENTIAL,NOCASE,NONE,NONE,FALSE,TENSED,FALSE
498,FALSE,WHQ,REFERENTIAL,NONE,NONE,NONE,FALSE,NONE,FALSE
499,FALSE,NONE,REFERENTIAL,NONE,NONE,NONE,FALSE,NONE,FALSE
500,FALSE,NONE,REFERENTIAL,NONE,NONE,NONE,FALSE,NONE,FALSE
501,FALSE,NONE,REFERENTIAL,NONE,NONE,NONE,FALSE,NONE,FALSE
502,FALSE,WHQ,REFERENTIAL,NOCASE,NONE,NONE,FALSE,TENSED,FALSE
503,FALSE,NONE,REFERENTIAL,NONE,NONE,NONE,FALSE,NONE,FALSE
504,TRUE,NONE,REFERENTIAL,NOCASE,NONE,NONE,FALSE,TENSED,FALSE
505,FALSE,NONE,REFERENTIAL,NOCASE,NONE,NONE,FALSE,TENSED,FALSE
506,FALSE,NONE,REFERENTIAL,NONE,TRUE,NONE,FALSE,NONE,FALSE
507,TRUE,NONE,REFERENTIAL,NOCASE,NONE,NONE,FALSE,TENSED,FALSE
508,FALSE,WHQ,REFERENTIAL,NONE,NONE,NONE,FALSE,NONE,FALSE
509,FALSE,WHQ,REFERENTIAL,NOCASE,NONE,NONE,FALSE,TENSED,FALSE
510,FALSE,NONE,REFERENTIAL,NONE,TRUE,NONE,FALSE,NONE,FALSE
511,FALSE,WHQ,REFERENTIAL,NOCASE,NONE,NONE,FALSE,TENSED,FALSE
512,FALSE,NONE,REFERENTIAL,NONE,TRUE,NONE,FALSE,NONE,FALSE
513,FALSE,NONE,REFERENTIAL,NONE,NONE,NONE,FALSE,NONE,FALSE
514,FALSE,POLARQ,REFERENTIAL,NOCASE,NONE,NONE,FALSE,TENSED,FALSE
515,FALSE,NONE,REFERENTIAL,NOCASE,NONE,NONE,FALSE,TENSED,FALSE
516,FALSE,NONE,REFERENTIAL,NONE,NONE,NONE,FALSE,NONE,FALSE
517,TRUE,NONE,REFERENTIAL,NOCASE,NONE,NONE,FALSE,TENSED,FALSE
518,FALSE,WHQ,REFERENTIAL,NONE,NONE,NONE,FALSE,NONE,FALSE
519,FALSE,NONE,REFERENTIAL,NONE,NONE,NONE,FALSE,NONE,FALSE
520,FALSE,WHQ,REFERENTIAL,NOCASE,NONE,NONE,FALSE,TENSED,FALSE
521,FALSE,WHQ,REFERENTIAL,NOCASE,NONE,NONE,FALSE,TENSED,FALSE
522,FALSE,WHQ,REFERENTIAL,NOCASE,NONE,NONE,FALSE,TENSED,FALSE
523,FALSE,WHQ,REFERENTIAL,NOCASE,NONE,NONE,FALSE,TENSED,FALSE
524,FALSE,WHQ,REFERENTIAL,NONE,NONE,NONE,FALSE,TO,FALSE
525,FALSE,NONE,REFERENTIAL,NONE,TRUE,NONE,FALSE,NONE,FALSE
526,FALSE,NONE,REFERENTIAL,NONE,TRUE,NONE,FALSE,NONE,FALSE
527,FALSE,WHQ,REFERENTIAL,NOCASE,NONE,NONE,FALSE,TENSED,FALSE
528,FALSE,WHQ,REFERENTIAL,NOCASE,NONE,NONE,FALSE,TENSED,FALSE
529,FALSE,NONE,REFERENTIAL,NONE,TRUE,NONE,FALSE,NONE,FALSE
530,FALSE,WHQ,NONE,NOCASE,NONE,NONE,FALSE,TENSED,FALSE
531,FALSE,NONE,REFERENTIAL,NOCASE,NONE,NONE,FALSE,TENSED,FALSE
532,FALSE,NONE,REFERENTIAL,NONE,NONE,NONE,FALSE,NONE,FALSE
533,FALSE,WHQ,REFERENTIAL,NOCASE,NONE,NONE,FALSE,TENSED,FALSE
534,FALSE,WHQ,REFERENTIAL,NOCASE,NONE,NONE,FALSE,TENSED,FALSE
535,FALSE,NONE,REFERENTIAL,NONE,NONE,NONE,FALSE,NONE,FALSE
536,FALSE,NONE,REFERENTIAL,NONE,NONE,NONE,FALSE,NONE,FALSE
537,FALSE,NONE,REFERENTIAL,NONE,NONE,NONE,FALSE,NONE,FALSE
538,FALSE,WHQ,REFERENTIAL,NOCASE,NONE,NONE,FALSE,TENSED,FALSE
539,FALSE,WHQ,REFERENTIAL,NOCASE,NONE,NONE,FALSE,TENSED,FALSE
540,FALSE,WHQ,REFERENTIAL,NOCASE,NONE,NONE,FALSE,TENSED,FALSE
541,FALSE,WHQ,REFERENTIAL,NOCASE,NONE,NONE,FALSE,TENSED,FALSE
542,FALSE,WHQ,REFERENTIAL,NOCASE,NONE,NONE,FALSE,TENSED,FALSE
543,FALSE,WHQ,REFERENTIAL,NOCASE,NONE,NONE,FALSE,TENSED,FALSE
544,FALSE,WHQ,REFERENTIAL,NONE,NONE,NONE,FALSE,TO,FALSE
545,FALSE,NONE,REFERENTIAL,NONE,TRUE,NONE,FALSE,NONE,FALSE
546,FALSE,NONE,REFERENTIAL,NONE,TRUE,NONE,FALSE,NONE,FALSE
547,FALSE,WHQ,REFERENTIAL,NOCASE,NONE,NONE,FALSE,TENSED,FALSE
548,FALSE,WHQ,REFERENTIAL,NOCASE,NONE,NONE,FALSE,TENSED,FALSE
549,FALSE,NONE,REFERENTIAL,NONE,TRUE,NONE,FALSE,NONE,FALSE
550,FALSE,WHQ,NONE,NOCASE,NONE,NONE,FALSE,TENSED,FALSE
551,FALSE,NONE,REFERENTIAL,NOCASE,NONE,NONE,FALSE,TENSED,FALSE
552,FALSE,NONE,REFERENTIAL,NONE,NONE,NONE,FALSE,NONE,FALSE
553,FALSE,WHQ,REFERENTIAL,NOCASE,NONE,NONE,FALSE,TENSED,FALSE
554,FALSE,WHQ,REFERENTIAL,NOCASE,NONE,NONE,FALSE,TENSED,FALSE
555,FALSE,NONE,REFERENTIAL,NONE,NONE,NONE,FALSE,NONE,FALSE
556,FALSE,NONE,REFERENTIAL,NONE,NONE,NONE,FALSE,NONE,FALSE
557,FALSE,NONE,REFERENTIAL,NONE,NONE,NONE,FALSE,NONE,FALSE
558,FALSE,WHQ,REFERENTIAL,NOCASE,NONE,NONE,FALSE,TENSED,FALSE
559,FALSE,WHQ,REFERENTIAL,NOCASE,NONE,NONE,FALSE,TENSED,FALSE
560,FALSE,NONE,REFERENTIAL,NONE,TRUE,NONE,FALSE,NONE,FALSE
561,FALSE,NONE,REFERENTIAL,NONE,TRUE,NONE,FALSE,NONE,FALSE
562,FALSE,NONE,REFERENTIAL,NONE,TRUE,NONE,FALSE,NONE,FALSE
563,FALSE,NONE,REFERENTIAL,NONE,NONE,NONE,FALSE,TO,FALSE
564,FALSE,NONE,REFERENTIAL,ACC,NONE,NONE,FALSE,TO,FALSE
565,FALSE,NONE,REFERENTIAL,NONE,NONE,NONE,FALSE,TO,FALSE
566,FALSE,NONE,REFERENTIAL,NOCASE,NONE,NONE,FALSE,NONE,FALSE
567,FALSE,NONE,REFERENTIAL,NONE,NONE,NONE,FALSE,TO,FALSE
568,FALSE,NONE,REFERENTIAL,NONE,TRUE,NONE,FALSE,NONE,FALSE
569,FALSE,NONE,REFERENTIAL,NONE,TRUE,NONE,FALSE,NONE,FALSE
570,FALSE,NONE,REFERENTIAL,NONE,TRUE,NONE,FALSE,NONE,FALSE
571,FALSE,NONE,REFERENTIAL,NONE,TRUE,NONE,FALSE,NONE,FALSE
572,FALSE,NONE,REFERENTIAL,ACC,NONE,NONE,FALSE,TO,FALSE
573,FALSE,NONE,REFERENTIAL,NONE,TRUE,NONE,FALSE,NONE,FALSE
574,FALSE,NONE,REFERENTIAL,NONE,NONE,NONE,FALSE,TO,FALSE
575,FALSE,NONE,REFERENTIAL,NONE,NONE,NONE,FALSE,TO,FALSE
576,FALSE,NONE,REFERENTIAL,NONE,TRUE,NONE,FALSE,NONE,FALSE
577,FALSE,NONE,REFERENTIAL,NONE,TRUE,NONE,FALSE,NONE,FALSE
578,FALSE,NONE,REFERENTIAL,NOCASE,NONE,NONE,TRUE,TENSED,FALSE
579,FALSE,NONE,REFERENTIAL,NONE,TRUE,NONE,FALSE,NONE,FALSE
580,FALSE,NONE,REFERENTIAL,NONE,TRUE,NONE,FALSE,NONE,FALSE
581,FALSE,NONE,REFERENTIAL,NONE,TRUE,NONE,FALSE,NONE,FALSE
582,FALSE,NONE,REFERENTIAL,NONE,TRUE,NONE,FALSE,NONE,FALSE
583,FALSE,NONE,REFERENTIAL,NONE,NONE,NONE,FALSE,TO,FALSE
584,FALSE,NONE,REFERENTIAL,ACC,NONE,NONE,FALSE,TO,FALSE
585,FALSE,NONE,REFERENTIAL,NONE,NONE,NONE,FALSE,TO,FALSE
586,FALSE,NONE,REFERENTIAL,NOCASE,NONE,NONE,FALSE,NONE,FALSE
587,FALSE,NONE,REFERENTIAL,NONE,NONE,NONE,FALSE,TO,FALSE
588,FALSE,NONE,REFERENTIAL,NONE,TRUE,NONE,FALSE,NONE,FALSE
589,FALSE,NONE,REFERENTIAL,NONE,TRUE,NONE,FALSE,NONE,FALSE
590,FALSE,NONE,REFERENTIAL,NONE,TRUE,NONE,FALSE,NONE,FALSE
591,FALSE,NONE,REFERENTIAL,NONE,TRUE,NONE,FALSE,NONE,FALSE
592,FALSE,NONE,REFERENTIAL,ACC,NONE,NONE,FALSE,TO,FALSE
593,FALSE,NONE,REFERENTIAL,NONE,TRUE,NONE,FALSE,NONE,FALSE
594,FALSE,NONE,REFERENTIAL,NONE,NONE,NONE,FALSE,TO,FALSE
595,FALSE,NONE,REFERENTIAL,NONE,NONE,NONE,FALSE,TO,FALSE
596,FALSE,NONE,REFERENTIAL,NONE,TRUE,NONE,FALSE,NONE,FALSE
597,FALSE,NONE,REFERENTIAL,NONE,TRUE,NONE,FALSE,NONE,FALSE
598,FALSE,NONE,REFERENTIAL,NOCASE,NONE,NONE,TRUE,TENSED,FALSE
599,FALSE,NONE,REFERENTIAL,NONE,TRUE,NONE,FALSE,NONE,FALSE
600,FALSE,NONE,REFERENTIAL,NONE,TRUE,NONE,FALSE,NONE,FALSE
601,FALSE,NONE,REFERENTIAL,NONE,NONE,NONE,FALSE,TO,FALSE
602,FALSE,NONE,REFERENTIAL,NONE,NONE,NONE,FALSE,TO,FALSE
603,FALSE,NONE,REFERENTIAL,NONE,NONE,NONE,FALSE,TO,FALSE
604,FALSE,NONE,NONE,NONE,NONE,NONE,FALSE,TO,FALSE
605,FALSE,NONE,REFERENTIAL,NONE,NONE,NONE,FALSE,TO,FALSE
606,FALSE,NONE,REFERENTIAL,ACC,NONE,NONE,FALSE,TO,FALSE
607,FALSE,NONE,NONE,NONE,NONE,NONE,FALSE,TO,FALSE
608,FALSE,NONE,NONE,NONE,NONE,NONE,FALSE,TO,FALSE
609,FALSE,NONE,REFERENTIAL,NONE,NONE,NONE,FALSE,TO,FALSE
610,FALSE,NONE,REFERENTIAL,ACC,NONE,NONE,FALSE,TO,FALSE
611,FALSE,NONE,REFERENTIAL,NONE,NONE,NONE,FALSE,TO,FALSE
612,FALSE,NONE,REFERENTIAL,NONE,NONE,NONE,FALSE,TO,FALSE
613,FALSE,NONE,REFERENTIAL,NONE,NONE,NONE,FALSE,TO,FALSE
614,FALSE,NONE,NONE,NONE,NONE,NONE,FALSE,TO,FALSE
615,FALSE,NONE,REFERENTIAL,NONE,NONE,NONE,FALSE,TO,FALSE
616,FALSE,NONE,REFERENTIAL,NOCASE,NONE,NONE,FALSE,TO,FALSE
617,FALSE,NONE,REFERENTIAL,NONE,NONE,NONE,FALSE,TO,FALSE
618,FALSE,NONE,REFERENTIAL,NONE,NONE,NONE,FALSE,TO,FALSE
619,FALSE,NONE,REFERENTIAL,NONE,NONE,NONE,FALSE,TO,FALSE
620,FALSE,NONE,REFERENTIAL,NONE,TRUE,NONE,FALSE,NONE,FALSE
621,FALSE,NONE,REFERENTIAL,NONE,NONE,NONE,FALSE,TO,FALSE
622,FALSE,NONE,REFERENTIAL,NONE,NONE,NONE,FALSE,TO,FALSE
623,FALSE,NONE,REFERENTIAL,NONE,NONE,NONE,FALSE,TO,FALSE
624,FALSE,NONE,NONE,NONE,NONE,NONE,FALSE,TO,FALSE
625,FALSE,NONE,REFERENTIAL,NONE,NONE,NONE,FALSE,TO,FALSE
626,FALSE,NONE,REFERENTIAL,ACC,NONE,NONE,FALSE,TO,FALSE
627,FALSE,NONE,NONE,NONE,NONE,NONE,FALSE,TO,FALSE
628,FALSE,NONE,NONE,NONE,NONE,NONE,FALSE,TO,FALSE
629,FALSE,NONE,REFERENTIAL,NONE,NONE,NONE,FALSE,TO,FALSE
630,FALSE,NONE,REFERENTIAL,ACC,NONE,NONE,FALSE,TO,FALSE
631,FALSE,NONE,REFERENTIAL,NONE,NONE,NONE,FALSE,TO,FALSE
632,FALSE,NONE,REFERENTIAL,NONE,NONE,NONE,FALSE,TO,FALSE
633,FALSE,NONE,REFERENTIAL,NONE,NONE,NONE,FALSE,TO,FALSE
634,FALSE,NONE,NONE,NONE,NONE,NONE,FALSE,TO,FALSE
635,FALSE,NONE,REFERENTIAL,NONE,NONE,NONE,FALSE,TO,FALSE
636,FALSE,NONE,REFERENTIAL,NOCASE,NONE,NONE,FALSE,TO,FALSE
637,FALSE,NONE,REFERENTIAL,NONE,NONE,NONE,FALSE,TO,FALSE
638,FALSE,NONE,REFERENTIAL,NONE,NONE,NONE,FALSE,TO,FALSE
639,FALSE,NONE,REFERENTIAL,NONE,NONE,NONE,FALSE,TO,FALSE
640,FALSE,NONE,REFERENTIAL,NONE,NONE,NONE,FALSE,TO,FALSE
641,FALSE,NONE,REFERENTIAL,NONE,NONE,NONE,FALSE,TO,FALSE
642,FALSE,NONE,REFERENTIAL,NONE,TRUE,NONE,FALSE,NONE,FALSE
643,FALSE,NONE,REFERENTIAL,NONE,NONE,NONE,FALSE,TO,FALSE
644,FALSE,NONE,REFERENTIAL,NONE,TRUE,NONE,FALSE,NONE,FALSE
645,FALSE,NONE,REFERENTIAL,NONE,NONE,NONE,FALSE,TO,FALSE
646,FALSE,NONE,REFERENTIAL,NOCASE,NONE,NONE,TRUE,NONE,FALSE
647,FALSE,NONE,REFERENTIAL,NONE,TRUE,NONE,FALSE,NONE,FALSE
648,FALSE,NONE,REFERENTIAL,NONE,TRUE,NONE,FALSE,NONE,FALSE
649,FALSE,NONE,REFERENTIAL,NONE,TRUE,NONE,FALSE,NONE,FALSE
650,FALSE,NONE,REFERENTIAL,NONE,TRUE,NONE,FALSE,NONE,FALSE
651,FALSE,NONE,REFERENTIAL,NONE,NONE,NONE,FALSE,GERUND,FALSE
652,FALSE,NONE,NONE,NONE,TRUE,NONE,FALSE,NONE,FALSE
653,FALSE,NONE,REFERENTIAL,NONE,NONE,NONE,FALSE,TO,FALSE
654,FALSE,NONE,REFERENTIAL,NONE,TRUE,NONE,FALSE,NONE,FALSE
655,FALSE,NONE,REFERENTIAL,NONE,TRUE,NONE,FALSE,NONE,FALSE
656,FALSE,NONE,REFERENTIAL,NOCASE,NONE,NONE,FALSE,GERUND,FALSE
657,FALSE,NONE,REFERENTIAL,NONE,NONE,NONE,FALSE,TO,FALSE
658,FALSE,NONE,REFERENTIAL,NONE,TRUE,NONE,FALSE,NONE,FALSE
659,FALSE,NONE,REFERENTIAL,ACC,NONE,NONE,TRUE,NONE,FALSE
660,FALSE,NONE,REFERENTIAL,NONE,NONE,NONE,FALSE,TO,FALSE
661,FALSE,NONE,REFERENTIAL,NONE,NONE,NONE,FALSE,TO,FALSE
662,FALSE,NONE,REFERENTIAL,NONE,TRUE,NONE,FALSE,NONE,FALSE
663,FALSE,NONE,REFERENTIAL,NONE,NONE,NONE,FALSE,TO,FALSE
664,FALSE,NONE,REFERENTIAL,NONE,TRUE,NONE,FALSE,NONE,FALSE
665,FALSE,NONE,REFERENTIAL,NONE,NONE,NONE,FALSE,TO,FALSE
666,FALSE,NONE,REFERENTIAL,NOCASE,NONE,NONE,TRUE,NONE,FALSE
667,FALSE,NONE,REFERENTIAL,NONE,TRUE,NONE,FALSE,NONE,FALSE
668,FALSE,NONE,REFERENTIAL,NONE,TRUE,NONE,FALSE,NONE,FALSE
669,FALSE,NONE,REFERENTIAL,NONE,TRUE,NONE,FALSE,NONE,FALSE
670,FALSE,NONE,REFERENTIAL,NONE,TRUE,NONE,FALSE,NONE,FALSE
671,FALSE,NONE,REFERENTIAL,NONE,NONE,NONE,FALSE,GERUND,FALSE
672,FALSE,NONE,NONE,NONE,TRUE,NONE,FALSE,NONE,FALSE
673,FALSE,NONE,REFERENTIAL,NONE,NONE,NONE,FALSE,TO,FALSE
674,FALSE,NONE,REFERENTIAL,NONE,TRUE,NONE,FALSE,NONE,FALSE
675,FALSE,NONE,REFERENTIAL,NONE,TRUE,NONE,FALSE,NONE,FALSE
676,FALSE,NONE,REFERENTIAL,NOCASE,NONE,NONE,FALSE,GERUND,FALSE
677,FALSE,NONE,REFERENTIAL,NONE,NONE,NONE,FALSE,TO,FALSE
678,FALSE,NONE,REFERENTIAL,NONE,TRUE,NONE,FALSE,NONE,FALSE
679,FALSE,NONE,REFERENTIAL,ACC,NONE,NONE,TRUE,NONE,FALSE
680,FALSE,NONE,REFERENTIAL,NONE,TRUE,NONE,FALSE,NONE,FALSE
681,FALSE,NONE,REFERENTIAL,NONE,TRUE,NONE,FALSE,NONE,FALSE
682,FALSE,NONE,REFERENTIAL,NONE,TRUE,NONE,FALSE,NONE,FALSE
683,FALSE,NONE,REFERENTIAL,NONE,TRUE,NONE,FALSE,NONE,FALSE
684,FALSE,NONE,REFERENTIAL,NONE,TRUE,NONE,FALSE,NONE,FALSE
685,FALSE,NONE,REFERENTIAL,NONE,TRUE,NONE,FALSE,NONE,FALSE
686,FALSE,NONE,REFERENTIAL,NONE,TRUE,NONE,FALSE,NONE,FALSE
687,FALSE,NONE,REFERENTIAL,NONE,TRUE,NONE,FALSE,NONE,FALSE
688,FALSE,NONE,REFERENTIAL,NONE,TRUE,NONE,FALSE,NONE,FALSE
689,FALSE,NONE,REFERENTIAL,NONE,TRUE,NONE,FALSE,NONE,FALSE
690,FALSE,NONE,REFERENTIAL,NONE,TRUE,NONE,FALSE,NONE,FALSE
691,FALSE,NONE,REFERENTIAL,NONE,NONE,NONE,FALSE,TO,FALSE
692,FALSE,NONE,REFERENTIAL,NONE,TRUE,NONE,FALSE,NONE,FALSE
693,FALSE,NONE,REFERENTIAL,NOCASE,NONE,NONE,FALSE,NONE,FALSE
694,FALSE,NONE,REFERENTIAL,NONE,TRUE,NONE,FALSE,NONE,FALSE
695,FALSE,NONE,REFERENTIAL,NONE,NONE,NONE,FALSE,TO,FALSE
696,FALSE,NONE,REFERENTIAL,NONE,NONE,NONE,FALSE,TO,FALSE
697,FALSE,NONE,REFERENTIAL,NONE,TRUE,NONE,FALSE,NONE,FALSE
698,FALSE,NONE,REFERENTIAL,NONE,TRUE,NONE,FALSE,NONE,FALSE
699,FALSE,NONE,REFERENTIAL,NONE,NONE,NONE,FALSE,TO,FALSE
700,FALSE,NONE,REFERENTIAL,NONE,TRUE,NONE,FALSE,NONE,FALSE
701,FALSE,NONE,REFERENTIAL,NONE,TRUE,NONE,FALSE,NONE,FALSE
702,FALSE,NONE,REFERENTIAL,NONE,TRUE,NONE,FALSE,NONE,FALSE
703,FALSE,NONE,REFERENTIAL,NONE,TRUE,NONE,FALSE,NONE,FALSE
704,FALSE,NONE,REFERENTIAL,NONE,TRUE,NONE,FALSE,NONE,FALSE
705,FALSE,NONE,REFERENTIAL,NONE,TRUE,NONE,FALSE,NONE,FALSE
706,FALSE,NONE,REFERENTIAL,NONE,TRUE,NONE,FALSE,NONE,FALSE
707,FALSE,NONE,REFERENTIAL,NONE,TRUE,NONE,FALSE,NONE,FALSE
708,FALSE,NONE,REFERENTIAL,NONE,TRUE,NONE,FALSE,NONE,FALSE
709,FALSE,NONE,REFERENTIAL,NONE,TRUE,NONE,FALSE,NONE,FALSE
710,FALSE,NONE,REFERENTIAL,NONE,TRUE,NONE,FALSE,NONE,FALSE
711,FALSE,NONE,REFERENTIAL,NONE,NONE,NONE,FALSE,TO,FALSE
712,FALSE,NONE,REFERENTIAL,NONE,TRUE,NONE,FALSE,NONE,FALSE
713,FALSE,NONE,REFERENTIAL,NOCASE,NONE,NONE,FALSE,NONE,FALSE
714,FALSE,NONE,REFERENTIAL,NONE,TRUE,NONE,FALSE,NONE,FALSE
715,FALSE,NONE,REFERENTIAL,NONE,NONE,NONE,FALSE,TO,FALSE
716,FALSE,NONE,REFERENTIAL,NONE,NONE,NONE,FALSE,TO,FALSE
717,FALSE,NONE,REFERENTIAL,NONE,TRUE,NONE,FALSE,NONE,FALSE
718,FALSE,NONE,REFERENTIAL,NONE,TRUE,NONE,FALSE,NONE,FALSE
719,FALSE,NONE,REFERENTIAL,NONE,NONE,NONE,FALSE,TO,FALSE
720,FALSE,NONE,REFERENTIAL,NONE,TRUE,NONE,FALSE,NONE,FALSE
721,FALSE,FINITE,REFERENTIAL,NOM,TRUE,NONE,FALSE,TENSED,FALSE
722,FALSE,WHQ,REFERENTIAL,NOCASE,TRUE,NONE,FALSE,TENSED,FALSE
723,FALSE,NONE,REFERENTIAL,NONE,TRUE,TRUE,FALSE,NONE,FALSE
724,FALSE,NONE,REFERENTIAL,NONE,TRUE,NONE,FALSE,NONE,FALSE
725,FALSE,WHQ,REFERENTIAL,NOCASE,TRUE,NONE,FALSE,TENSED,FALSE
726,FALSE,NONE,REFERENTIAL,NOCASE,TRUE,NONE,FALSE,NONE,FALSE
727,FALSE,WHQ,REFERENTIAL,NOCASE,TRUE,NONE,FALSE,TENSED,FALSE
728,FALSE,NONE,REFERENTIAL,NOM,TRUE,NONE,FALSE,TENSED,FALSE
729,FALSE,NONE,REFERENTIAL,NOM,TRUE,NONE,FALSE,TENSED,FALSE
730,FALSE,NONE,REFERENTIAL,NONE,TRUE,TRUE,FALSE,NONE,FALSE
731,FALSE,NONE,NONE,NONE,TRUE,NONE,FALSE,TO,FALSE
732,FALSE,NONE,NONE,NOCASE,TRUE,NONE,FALSE,TENSED,FALSE
733,FALSE,NONE,REFERENTIAL,NOM,TRUE,NONE,FALSE,TENSED,FALSE
734,FALSE,NONE,REFERENTIAL,NOCASE,TRUE,NONE,FALSE,TENSED,FALSE
735,FALSE,NONE,REFERENTIAL,NONE,TRUE,TRUE,FALSE,NONE,FALSE
736,FALSE,NONE,NONE,NOCASE,TRUE,NONE,FALSE,TENSED,FALSE
737,FALSE,WHQ,REFERENTIAL,NOM,TRUE,NONE,FALSE,TENSED,FALSE
738,FALSE,WHQ,REFERENTIAL,NOCASE,TRUE,NONE,FALSE,TENSED,FALSE
739,FALSE,WHQ,REFERENTIAL,NONE,TRUE,NONE,FALSE,NONE,FALSE
740,FALSE,NONE,REFERENTIAL,NONE,TRUE,NONE,FALSE,NONE,FALSE
741,FALSE,FINITE,REFERENTIAL,NOM,TRUE,NONE,FALSE,TENSED,FALSE
742,FALSE,WHQ,REFERENTIAL,NOCASE,TRUE,NONE,FALSE,TENSED,FALSE
743,FALSE,NONE,REFERENTIAL,NONE,TRUE,TRUE,FALSE,NONE,FALSE
744,FALSE,NONE,REFERENTIAL,NONE,TRUE,NONE,FALSE,NONE,FALSE
745,FALSE,WHQ,REFERENTIAL,NOCASE,TRUE,NONE,FALSE,TENSED,FALSE
746,FALSE,NONE,REFERENTIAL,NOCASE,TRUE,NONE,FALSE,NONE,FALSE
747,FALSE,WHQ,REFERENTIAL,NOCASE,TRUE,NONE,FALSE,TENSED,FALSE
748,FALSE,NONE,REFERENTIAL,NOM,TRUE,NONE,FALSE,TENSED,FALSE
749,FALSE,NONE,REFERENTIAL,NOM,TRUE,NONE,FALSE,TENSED,FALSE
750,FALSE,NONE,REFERENTIAL,NONE,TRUE,TRUE,FALSE,NONE,FALSE
751,FALSE,NONE,NONE,NONE,TRUE,NONE,FALSE,TO,FALSE
752,FALSE,NONE,NONE,NOCASE,TRUE,NONE,FALSE,TENSED,FALSE
753,FALSE,NONE,REFERENTIAL,NOM,TRUE,NONE,FALSE,TENSED,FALSE
754,FALSE,NONE,REFERENTIAL,NOCASE,TRUE,NONE,FALSE,TENSED,FALSE
755,FALSE,NONE,REFERENTIAL,NONE,TRUE,TRUE,FALSE,NONE,FALSE
756,FALSE,NONE,NONE,NOCASE,TRUE,NONE,FALSE,TENSED,FALSE
757,FALSE,WHQ,REFERENTIAL,NOM,TRUE,NONE,FALSE,TENSED,FALSE
758,FALSE,WHQ,REFERENTIAL,NOCASE,TRUE,NONE,FALSE,TENSED,FALSE
759,FALSE,WHQ,REFERENTIAL,NONE,TRUE,NONE,FALSE,NONE,FALSE
760,FALSE,NONE,REFERENTIAL,NONE,TRUE,TRUE,FALSE,NONE,FALSE
761,FALSE,WHQ,REFERENTIAL,NOCASE,TRUE,NONE,FALSE,TENSED,FALSE
762,FALSE,WHQ,REFERENTIAL,NOCASE,TRUE,NONE,FALSE,TENSED,FALSE
763,FALSE,WHQ,REFERENTIAL,NONE,TRUE,NONE,FALSE,NONE,FALSE
764,FALSE,NONE,REFERENTIAL,NONE,TRUE,TRUE,FALSE,NONE,FALSE
765,FALSE,NONE,REFERENTIAL,NONE,TRUE,NONE,FALSE,NONE,FALSE
766,FALSE,WHQ,REFERENTIAL,NONE,TRUE,NONE,FALSE,NONE,FALSE
767,FALSE,NONE,REFERENTIAL,NONE,TRUE,NONE,TRUE,NONE,FALSE
768,FALSE,WHQ,REFERENTIAL,NOCASE,TRUE,NONE,FALSE,TENSED,FALSE
769,FALSE,WHQ,REFERENTIAL,NOM,TRUE,NONE,FALSE,TENSED,FALSE
770,FALSE,NONE,REFERENTIAL,NOM,TRUE,NONE,FALSE,TENSED,FALSE
771,FALSE,NONE,REFERENTIAL,NONE,TRUE,NONE,FALSE,NONE,FALSE
772,FALSE,WHQ,REFERENTIAL,NOCASE,TRUE,NONE,FALSE,TENSED,FALSE
773,FALSE,WHQ,REFERENTIAL,NOCASE,TRUE,NONE,FALSE,TENSED,FALSE
774,FALSE,WHQ,REFERENTIAL,NONE,TRUE,NONE,FALSE,NONE,FALSE
775,FALSE,WHQ,REFERENTIAL,NOCASE,TRUE,NONE,FALSE,TENSED,FALSE
776,FALSE,WHQ,REFERENTIAL,NONE,TRUE,NONE,FALSE,NONE,FALSE
777,FALSE,WHQ,REFERENTIAL,NOCASE,TRUE,NONE,FALSE,TENSED,FALSE
778,FALSE,WHQ,REFERENTIAL,NOCASE,TRUE,NONE,FALSE,TENSED,FALSE
779,FALSE,NONE,REFERENTIAL,NONE,TRUE,NONE,FALSE,NONE,FALSE
780,FALSE,NONE,REFERENTIAL,NONE,TRUE,TRUE,FALSE,NONE,FALSE
781,FALSE,WHQ,REFERENTIAL,NOCASE,TRUE,NONE,FALSE,TENSED,FALSE
782,FALSE,WHQ,REFERENTIAL,NOCASE,TRUE,NONE,FALSE,TENSED,FALSE
783,FALSE,WHQ,REFERENTIAL,NONE,TRUE,NONE,FALSE,NONE,FALSE
784,FALSE,NONE,REFERENTIAL,NONE,TRUE,TRUE,FALSE,NONE,FALSE
785,FALSE,NONE,REFERENTIAL,NONE,TRUE,NONE,FALSE,NONE,FALSE
786,FALSE,WHQ,REFERENTIAL,NONE,TRUE,NONE,FALSE,NONE,FALSE
787,FALSE,NONE,REFERENTIAL,NONE,TRUE,NONE,TRUE,NONE,FALSE
788,FALSE,WHQ,REFERENTIAL,NOCASE,TRUE,NONE,FALSE,TENSED,FALSE
789,FALSE,WHQ,REFERENTIAL,NOM,TRUE,NONE,FALSE,TENSED,FALSE
790,FALSE,NONE,REFERENTIAL,NOM,TRUE,NONE,FALSE,TENSED,FALSE
791,FALSE,NONE,REFERENTIAL,NONE,TRUE,NONE,FALSE,NONE,FALSE
792,FALSE,WHQ,REFERENTIAL,NOCASE,TRUE,NONE,FALSE,TENSED,FALSE
793,FALSE,WHQ,REFERENTIAL,NOCASE,TRUE,NONE,FALSE,TENSED,FALSE
794,FALSE,WHQ,REFERENTIAL,NONE,TRUE,NONE,FALSE,NONE,FALSE
795,FALSE,WHQ,REFERENTIAL,NOCASE,TRUE,NONE,FALSE,TENSED,FALSE
796,FALSE,WHQ,REFERENTIAL,NONE,TRUE,NONE,FALSE,NONE,FALSE
797,FALSE,WHQ,REFERENTIAL,NOCASE,TRUE,NONE,FALSE,TENSED,FALSE
798,FALSE,WHQ,REFERENTIAL,NOCASE,TRUE,NONE,FALSE,TENSED,FALSE
799,FALSE,NONE,REFERENTIAL,NONE,TRUE,NONE,FALSE,NONE,FALSE
